order_date;orders;revenue;average_order_value
2023-01;264;1375182.79;5209.03
2023-02;208;941657.2;4527.2
2023-03;227;1122642.06;4945.56
2023-04;252;1188268.3;4715.35
2023-05;246;1265357.76;5143.73
2023-06;235;1045596.53;4449.35
2023-07;230;1118224.47;4861.85
2023-08;260;1271964.74;4892.17
2023-09;254;1236714.64;4868.96
2023-10;222;1023860.17;4611.98
2023-11;277;1365337.82;4929.02
2023-12;287;1431645.84;4988.31
2024-01;270;1254844.28;4647.57
2024-02;238;1237633.27;5200.14
2024-03;232;1206347.55;5199.77
2024-04;244;1089910.35;4466.85
2024-05;271;1084520.32;4001.92
2024-06;281;1264681.29;4500.65
2024-07;283;1244067.05;4396.0
2024-08;232;1017597.36;4386.2
2024-09;258;1274820.31;4941.16
2024-10;250;1095899.69;4383.6
2024-11;224;1180355.02;5269.44
2024-12;245;1319824.39;5387.04
2025-01;253;1236058.98;4885.61
2025-02;215;1095664.54;5096.11
2025-03;250;1088821.4;4355.29
2025-04;227;1130350.09;4979.52
2025-05;256;1180341.89;4610.71
2025-06;280;1161351.19;4147.68
2025-07;268;1205335.39;4497.52
2025-08;249;1322058.05;5309.47
2025-09;259;1287142.65;4969.66
2025-10;233;1174387.3;5040.29
2025-11;274;1322459.03;4826.49
2025-12;246;1154232.77;4692.0
